{"version": "1", "message": "ERROR: Hidden Testcases server unreachable.", "problem_id": "ads2_m16_a1_1", "user_id": "bhaskaravsravya", "score": {"sample": {"0": {"execution_time": 1.5328941345214844, "passed": true}, "1": {"execution_time": 1.611842155456543, "passed": true}, "2": {"execution_time": 1.9426414966583252, "passed": true}, "3": {"execution_time": 1.005225419998169, "passed": true}, "4": {"execution_time": 0.8997302055358887, "passed": true}, "5": {"execution_time": 0.9348278045654297, "passed": true}, "6": {"execution_time": 1.0169498920440674, "passed": true}, "7": {"execution_time": 1.030993938446045, "passed": true}, "8": {"execution_time": 0.36393165588378906, "passed": true}, "9": {"execution_time": 1.0319631099700928, "passed": true}, "10": {"execution_time": 1.0239253044128418, "passed": true}, "11": {"execution_time": 3.288640022277832, "passed": true}, "12": {"execution_time": 1.0049951076507568, "passed": true}, "13": {"execution_time": 0.2850840091705322, "passed": true}, "14": {"execution_time": 0.9305377006530762, "passed": true}, "15": {"execution_time": 0.9254674911499023, "passed": true}, "16": {"execution_time": 0.36107730865478516, "passed": true}, "17": {"execution_time": 0.6777145862579346, "passed": true}, "18": {"execution_time": 0.37599968910217285, "passed": true}, "19": {"execution_time": 0.4264380931854248, "passed": true}, "20": {"execution_time": 0.4421267509460449, "passed": true}, "21": {"execution_time": 0.3637516498565674, "passed": true}, "22": {"execution_time": 0.6589293479919434, "passed": true}, "23": {"execution_time": 0.36031341552734375, "passed": true}, "24": {"execution_time": 0.33353352546691895, "passed": true}, "25": {"execution_time": 1.1199426651000977, "passed": true}, "26": {"execution_time": 1.3897762298583984, "passed": true}, "27": {"execution_time": 0.9977700710296631, "passed": true}, "28": {"execution_time": 1.7547268867492676, "passed": true}, "29": {"execution_time": 0.5380878448486328, "passed": true}}}, "check_style_score": "1/1"}