{"version": "1", "message": "ERROR: Hidden Testcases server unreachable.", "problem_id": "ads2_m4_a1_1", "user_id": "nemnous", "score": {"sample": {"0": {"execution_time": 0.24338316917419434, "passed": true}, "1": {"execution_time": 0.1933741569519043, "passed": true}, "2": {"execution_time": 0.25803542137145996, "passed": true}, "3": {"execution_time": 0.24754929542541504, "passed": true}, "4": {"execution_time": 0.2718231678009033, "passed": true}, "5": {"execution_time": 0.23058509826660156, "passed": true}, "6": {"execution_time": 0.23043155670166016, "passed": true}, "7": {"execution_time": 0.20629286766052246, "passed": true}, "8": {"execution_time": 0.19149303436279297, "passed": true}, "9": {"execution_time": 0.2877802848815918, "passed": true}, "10": {"execution_time": 0.21814632415771484, "passed": true}, "11": {"execution_time": 0.25149106979370117, "passed": true}, "12": {"execution_time": 0.21298861503601074, "passed": true}, "13": {"execution_time": 1.1249449253082275, "passed": true}, "14": {"execution_time": 0.1959245204925537, "passed": true}}}, "check_style_score": "0/1"}