{"version": "1", "message": "ERROR: Hidden Testcases server unreachable.", "problem_id": "ads2_m2_a1_1", "user_id": "nemnous", "score": {"sample": {"0": {"execution_time": 0.21220135688781738, "passed": true}, "1": {"execution_time": 0.31457018852233887, "passed": true}, "2": {"execution_time": 0.29996800422668457, "passed": true}, "3": {"execution_time": 0.25915050506591797, "passed": true}, "4": {"execution_time": 0.269209623336792, "passed": true}, "5": {"execution_time": 0.2951085567474365, "passed": true}, "6": {"execution_time": 0.33682870864868164, "passed": true}, "7": {"execution_time": 0.2744128704071045, "passed": true}, "8": {"execution_time": 0.31235218048095703, "passed": true}, "9": {"execution_time": 0.25661349296569824, "passed": true}, "10": {"execution_time": 0.24968266487121582, "passed": true}, "11": {"execution_time": 0.29137492179870605, "passed": true}, "12": {"execution_time": 0.28609800338745117, "passed": true}, "13": {"execution_time": 0.28269410133361816, "passed": true}, "14": {"execution_time": 0.31533312797546387, "passed": true}, "15": {"execution_time": 0.287797212600708, "passed": true}, "16": {"execution_time": 0.25658345222473145, "passed": true}, "17": {"execution_time": 0.314241886138916, "passed": true}, "18": {"execution_time": 0.24733614921569824, "passed": true}, "19": {"execution_time": 0.3114817142486572, "passed": true}, "20": {"execution_time": 0.36601948738098145, "passed": true}, "21": {"execution_time": 0.2657041549682617, "passed": true}, "22": {"execution_time": 0.31122446060180664, "passed": true}, "23": {"execution_time": 0.3948969841003418, "passed": true}}}, "check_style_score": "1/1"}