{"version": "1", "message": "ERROR: Hidden Testcases server unreachable.", "problem_id": "ads2_m2_a1_1", "user_id": "nemnous", "score": {"sample": {"0": {"execution_time": 0.2005321979522705, "passed": true}, "1": {"execution_time": 0.3632171154022217, "passed": true}, "2": {"execution_time": 0.2348792552947998, "passed": true}, "3": {"execution_time": 0.3244316577911377, "passed": true}, "4": {"execution_time": 0.3032693862915039, "passed": true}, "5": {"execution_time": 0.26221179962158203, "passed": true}, "6": {"execution_time": 0.25546813011169434, "passed": true}, "7": {"execution_time": 0.31740736961364746, "passed": true}, "8": {"execution_time": 0.339841365814209, "passed": true}, "9": {"execution_time": 0.320742130279541, "passed": true}, "10": {"execution_time": 0.4598088264465332, "passed": true}, "11": {"execution_time": 0.4380202293395996, "passed": true}, "12": {"execution_time": 0.33042407035827637, "passed": true}, "13": {"execution_time": 0.4261317253112793, "passed": true}, "14": {"execution_time": 0.3641843795776367, "passed": true}, "15": {"execution_time": 0.403001070022583, "passed": true}, "16": {"execution_time": 0.3987233638763428, "passed": true}, "17": {"execution_time": 0.536304235458374, "passed": true}, "18": {"execution_time": 0.38828468322753906, "passed": true}, "19": {"execution_time": 0.6274693012237549, "passed": true}, "20": {"execution_time": 0.46120357513427734, "passed": true}, "21": {"execution_time": 0.4095926284790039, "passed": true}, "22": {"execution_time": 0.6236398220062256, "passed": true}, "23": {"execution_time": 0.5773236751556396, "passed": true}}}, "check_style_score": "1/1"}