{"version": "1", "message": "ERROR: Hidden Testcases server unreachable.", "problem_id": "ads2_m2_a1_1", "user_id": "nemnous", "score": {"sample": {"0": {"execution_time": 0.2523369789123535, "passed": true}, "1": {"execution_time": 0.2841908931732178, "passed": true}, "2": {"execution_time": 0.2689034938812256, "passed": true}, "3": {"execution_time": 0.3046276569366455, "passed": true}, "4": {"execution_time": 0.26322126388549805, "passed": true}, "5": {"execution_time": 0.29524660110473633, "passed": true}, "6": {"execution_time": 0.27944087982177734, "passed": true}, "7": {"execution_time": 0.26248836517333984, "passed": true}, "8": {"execution_time": 0.3121974468231201, "passed": true}, "9": {"execution_time": 0.26425743103027344, "passed": true}, "10": {"execution_time": 0.4326517581939697, "passed": true}, "11": {"execution_time": 0.3507049083709717, "passed": true}, "12": {"execution_time": 0.5115923881530762, "passed": true}, "13": {"execution_time": 0.3315296173095703, "passed": true}, "14": {"execution_time": 0.36093640327453613, "passed": true}, "15": {"execution_time": 0.30004024505615234, "passed": true}, "16": {"execution_time": 0.4239351749420166, "passed": true}, "17": {"execution_time": 0.6590900421142578, "passed": true}, "18": {"execution_time": 0.3280651569366455, "passed": true}, "19": {"execution_time": 0.35060667991638184, "passed": true}, "20": {"execution_time": 0.41101861000061035, "passed": true}, "21": {"execution_time": 0.2550466060638428, "passed": true}, "22": {"execution_time": 0.46001315116882324, "passed": true}, "23": {"execution_time": 0.4880514144897461, "passed": true}}}, "check_style_score": "1/1"}