{"version": "1", "message": "ERROR: Hidden Testcases server unreachable.", "problem_id": "ads2_m2_a1_1", "user_id": "nemnous", "score": {"sample": {"0": {"execution_time": 0.2832529544830322, "passed": true}, "1": {"execution_time": 0.3085184097290039, "passed": true}, "2": {"execution_time": 0.30113911628723145, "passed": true}, "3": {"execution_time": 0.26960039138793945, "passed": true}, "4": {"execution_time": 0.2721123695373535, "passed": true}, "5": {"execution_time": 0.3599567413330078, "passed": true}, "6": {"execution_time": 0.22520685195922852, "passed": true}, "7": {"execution_time": 0.2909219264984131, "passed": true}, "8": {"execution_time": 0.34320926666259766, "passed": true}, "9": {"execution_time": 0.2557413578033447, "passed": true}, "10": {"execution_time": 0.31399035453796387, "passed": true}, "11": {"execution_time": 0.32468509674072266, "passed": true}, "12": {"execution_time": 0.27519750595092773, "passed": true}, "13": {"execution_time": 0.42929959297180176, "passed": true}, "14": {"execution_time": 0.2851390838623047, "passed": true}, "15": {"execution_time": 0.29964637756347656, "passed": true}, "16": {"execution_time": 0.36083221435546875, "passed": true}, "17": {"execution_time": 0.3654208183288574, "passed": true}, "18": {"execution_time": 0.3233180046081543, "passed": true}, "19": {"execution_time": 0.39143800735473633, "passed": true}, "20": {"execution_time": 0.4014902114868164, "passed": true}, "21": {"execution_time": 0.3109095096588135, "passed": true}, "22": {"execution_time": 0.4075124263763428, "passed": true}, "23": {"execution_time": 0.5011630058288574, "passed": true}}}, "check_style_score": "1/1"}